distancia,lod,triangulos,reducao_percent
10,0,500000,0.0
50,1,125000,75.0
100,2,31250,93.75
250,3,7812,98.4375
500,4,1953,99.609375
1000,5,488,99.90234375
2000,6,122,99.9755859375
5000,7,30,99.993896484375
