{
  "area_total_pivos_ha": 249.36,
  "area_ativa_ha": 189.08,
  "area_projeto_ha": 60.28,
  "volume_anual_m3": 3403440.0,
  "vazao_necessaria_lps": 291.7901234567901,
  "vazao_necessaria_m3h": 1050.4444444444446,
  "eficiencia_pivo": 0.85,
  "economia_agua_m3_ano": 3828870.0,
  "economia_percent": 52.94117647058824
}