{
  "area_mata_ha": 1784.79,
  "num_fragmentos": 154,
  "perimetro_mata_km": 179.24,
  "area_borda_ha": 896.2,
  "area_interior_ha": 888.5899999999999,
  "maior_fragmento_ha": 347.58687274307874,
  "indice_pai": 0.1947494510519886,
  "indice_divisao": 0.932801660610681,
  "sequestro_carbono_ton_co2_ano": 13385.925,
  "arvores_equivalentes": 669296,
  "saldo_carbono_ton_co2_ano": 12629.605
}